row_id,category,true_label,model_label,reasoning,model_raw,latency_ms
23526,Pet_Supplies_5,CG,CG,"SIGNALS: Text contains internal contradictions (e.g. ""fish oil treatment"" followed by ""bed"" in same review), Describes wrong product or features item does not have, Same sentence or phrase repeated verbatim within the review JUSTIFICATION: The review incoherently shifts between discussing fish oil treatments, crate usage, and beds while repeating phrases like ""I am very happy"" and ""I am very pleased"" in a disjointed manner.","CG
SIGNALS: Text contains internal contradictions (e.g. ""fish oil treatment"" followed by ""bed"" in same review), Describes wrong product or features item does not have, Same sentence or phrase repeated verbatim within the review
JUSTIFICATION: The review incoherently shifts between discussing fish oil treatments, crate usage, and beds while repeating phrases like ""I am very happy"" and ""I am very pleased"" in a disjointed manner.",12621
22290,Pet_Supplies_5,CG,CG,"Perfect grammar with zero typos, reads like marketing copy, Generic praise interchangeable with any product in category, Text contains internal contradictions (e.g. ""not recommended"" followed by ""great product"" in same review), Sentences that are semantically nonsensical or logically impossible (e.g. ""I am a small dog"")","CG
Perfect grammar with zero typos, reads like marketing copy, Generic praise interchangeable with any product in category, Text contains internal contradictions (e.g. ""not recommended"" followed by ""great product"" in same review), Sentences that are semantically nonsensical or logically impossible (e.g. ""I am a small dog"")",6063
24927,Kindle_Store_5,OR,OR,"Typos (""so so""), informal language, and specific personal context (purchasing multiple books due to liking the story) align with genuine human review characteristics.","OR
Typos (""so so""), informal language, and specific personal context (purchasing multiple books due to liking the story) align with genuine human review characteristics.",8330
12633,Movies_and_TV_5,OR,UNPARSEABLE,"SIGNALS: No concrete use case or personal detail, Generic praise interchangeable with any product in category JUSTIFICATION: The review mentions a personal relationship (daughter being a fan) but lacks specific details about the movie's content or quality, relying on generic praise and minimal context.","LABEL: CG  
SIGNALS: No concrete use case or personal detail, Generic praise interchangeable with any product in category  
JUSTIFICATION: The review mentions a personal relationship (daughter being a fan) but lacks specific details about the movie's content or quality, relying on generic praise and minimal context.",13998
27490,Kindle_Store_5,CG,CG,"SIGNALS: Same sentence or phrase repeated verbatim within the review, Incentivised disclosure present JUSTIFICATION: The review contains multiple identical sentences about receiving a copy for an honest review and explicitly states incentivized disclosure, which are strong indicators of computer-generated text.","CG
SIGNALS: Same sentence or phrase repeated verbatim within the review, Incentivised disclosure present
JUSTIFICATION: The review contains multiple identical sentences about receiving a copy for an honest review and explicitly states incentivized disclosure, which are strong indicators of computer-generated text.",6591
5236,Sports_and_Outdoors_5,OR,UNPARSEABLE,"SIGNALS: Genuine enthusiasm with author-specific or product-specific references, Typos, informal spelling, or grammatical imperfections consistent with casual human writing JUSTIFICATION: The review includes a specific use case (muffling a riding lawn mower's noise) and casual phrasing (""This is great""), aligning with genuine human writing.","LABEL: OR  
SIGNALS: Genuine enthusiasm with author-specific or product-specific references, Typos, informal spelling, or grammatical imperfections consistent with casual human writing  
JUSTIFICATION: The review includes a specific use case (muffling a riding lawn mower's noise) and casual phrasing (""This is great""), aligning with genuine human writing.",16700
35141,Toys_and_Games_5,CG,UNPARSEABLE,"SIGNALS: Star rating contradicts review text, Generic praise interchangeable with any product in category, No concrete use case or personal detail JUSTIFICATION: The review contains contradictory statements about the star rating and lacks specific personal context or detailed use cases, aligning with CG signals.","LABEL: CG
SIGNALS: Star rating contradicts review text, Generic praise interchangeable with any product in category, No concrete use case or personal detail
JUSTIFICATION: The review contains contradictory statements about the star rating and lacks specific personal context or detailed use cases, aligning with CG signals.",5756
24779,Kindle_Store_5,CG,CG,"SIGNALS: Text truncates mid-sentence with no closing thought, Generic praise interchangeable with any product in category JUSTIFICATION: The review is cut off mid-sentence and uses generic, vague language typical of computer-generated text.","CG
SIGNALS: Text truncates mid-sentence with no closing thought, Generic praise interchangeable with any product in category
JUSTIFICATION: The review is cut off mid-sentence and uses generic, vague language typical of computer-generated text.",7626
17326,Tools_and_Home_Improvement_5,CG,CG,"SIGNALS: Text truncates mid-sentence with no closing thought, suggests a token generation limit, Sentences that are semantically nonsensical or logically impossible, Suspiciously short (under 10 words) or long (multi-paragraph for simple product) JUSTIFICATION: The review is truncated mid-sentence, contains logically impossible phrasing (""I need to turn the light on every time I turn it on""), and is suspiciously short with no coherent conclusion.","CG
SIGNALS: Text truncates mid-sentence with no closing thought, suggests a token generation limit, Sentences that are semantically nonsensical or logically impossible, Suspiciously short (under 10 words) or long (multi-paragraph for simple product)
JUSTIFICATION: The review is truncated mid-sentence, contains logically impossible phrasing (""I need to turn the light on every time I turn it on""), and is suspiciously short with no coherent conclusion.",12351
17557,Tools_and_Home_Improvement_5,OR,OR,"Typos, informal spelling (""HVAC thief""), and genuine personal context (specific product failure and purchasing experience) align with OR signals.","OR
Typos, informal spelling (""HVAC thief""), and genuine personal context (specific product failure and purchasing experience) align with OR signals.",6058
16031,Tools_and_Home_Improvement_5,CG,CG,"SIGNALS: Text truncates mid-sentence with no closing thought, suspiciously short, no personal context or scenario, generic praise JUSTIFICATION: The review is abruptly cut off mid-sentence, extremely brief, lacks personal context, and uses generic language about product features without specific details.","CG
SIGNALS: Text truncates mid-sentence with no closing thought, suspiciously short, no personal context or scenario, generic praise
JUSTIFICATION: The review is abruptly cut off mid-sentence, extremely brief, lacks personal context, and uses generic language about product features without specific details.",6378
20627,Pet_Supplies_5,OR,OR,"Typos, informal spelling, and genuine personal context (dog's age, specific use case) align with OR signals.","OR
Typos, informal spelling, and genuine personal context (dog's age, specific use case) align with OR signals.",7437
30100,Books_5,CG,CG,"SIGNALS: Text truncates mid-sentence with no closing thought, oddly formal tone (""I am very happy I did"") JUSTIFICATION: The review cuts off mid-sentence and uses overly formal phrasing, both strong indicators of computer-generated text.","CG
SIGNALS: Text truncates mid-sentence with no closing thought, oddly formal tone (""I am very happy I did"")
JUSTIFICATION: The review cuts off mid-sentence and uses overly formal phrasing, both strong indicators of computer-generated text.",6139
6134,Sports_and_Outdoors_5,CG,CG,"SIGNALS: Generic praise interchangeable with any product in category, Recurring filler phrases that appear templated across many reviews, Text truncates mid-sentence with no closing thought, No concrete use case or personal detail JUSTIFICATION: The review contains generic praise, templated filler phrases (""I bought this for a friend""), and a truncated sentence, all strong indicators of being computer-generated.","CG  
SIGNALS: Generic praise interchangeable with any product in category, Recurring filler phrases that appear templated across many reviews, Text truncates mid-sentence with no closing thought, No concrete use case or personal detail  
JUSTIFICATION: The review contains generic praise, templated filler phrases (""I bought this for a friend""), and a truncated sentence, all strong indicators of being computer-generated.",11980
410,Home_and_Kitchen_5,CG,CG,"SIGNALS: Suspiciously short (under 10 words) or long (multi-paragraph for simple product), Text truncates mid-sentence with no closing thought, Generic praise interchangeable with any product in category, Keyword-stuffed phrasing no human would naturally write JUSTIFICATION: The review is abruptly truncated mid-sentence, uses generic praise, and repeats ""sharp"" in a way that suggests keyword stuffing rather than genuine experience.","CG
SIGNALS: Suspiciously short (under 10 words) or long (multi-paragraph for simple product), Text truncates mid-sentence with no closing thought, Generic praise interchangeable with any product in category, Keyword-stuffed phrasing no human would naturally write
JUSTIFICATION: The review is abruptly truncated mid-sentence, uses generic praise, and repeats ""sharp"" in a way that suggests keyword stuffing rather than genuine experience.",7632
24873,Kindle_Store_5,OR,UNPARSEABLE,"SIGNALS: Genuine enthusiasm with author-specific or product-specific references, Typos, informal spelling, or grammatical imperfections consistent with casual human writing JUSTIFICATION: The review includes specific character names (Ezra, Lex) and personal anticipation for a future release, indicating genuine engagement, alongside informal phrasing and possible typos (""BEAST"" in all caps).","LABEL: OR  
SIGNALS: Genuine enthusiasm with author-specific or product-specific references, Typos, informal spelling, or grammatical imperfections consistent with casual human writing  
JUSTIFICATION: The review includes specific character names (Ezra, Lex) and personal anticipation for a future release, indicating genuine engagement, alongside informal phrasing and possible typos (""BEAST"" in all caps).",23728
9121,Electronics_5,CG,CG,"Perfect grammar with zero typos, reads like marketing copy, Generic praise interchangeable with any product in category, Recurring filler phrases that appear templated across many reviews, No concrete use case or personal detail, Suspiciously short (under 10 words)","CG
Perfect grammar with zero typos, reads like marketing copy, Generic praise interchangeable with any product in category, Recurring filler phrases that appear templated across many reviews, No concrete use case or personal detail, Suspiciously short (under 10 words)",8696
35710,Toys_and_Games_5,CG,UNPARSEABLE,"SIGNALS: Genuine enthusiasm with author-specific references, Typos, informal spelling, or grammatical imperfections consistent with casual human writing JUSTIFICATION: The review includes personal context (son's age, Christmas gift) and specific references, with minor grammatical imperfections consistent with casual human writing.","LABEL: OR  
SIGNALS: Genuine enthusiasm with author-specific references, Typos, informal spelling, or grammatical imperfections consistent with casual human writing  
JUSTIFICATION: The review includes personal context (son's age, Christmas gift) and specific references, with minor grammatical imperfections consistent with casual human writing.",27947
29432,Books_5,CG,CG,"SIGNALS: Perfect grammar with zero typos, reads like marketing copy, Suspiciously short (under 10 words) or long (multi-paragraph for simple product), Text truncates mid-sentence with no closing thought, suggesting a token generation limit, Generic praise interchangeable with any product in category JUSTIFICATION: The review contains generic praise, truncates mid-sentence, and exhibits perfect grammar with no personal context or specific details, strongly indicating it is computer generated.","CG
SIGNALS: Perfect grammar with zero typos, reads like marketing copy, Suspiciously short (under 10 words) or long (multi-paragraph for simple product), Text truncates mid-sentence with no closing thought, suggesting a token generation limit, Generic praise interchangeable with any product in category
JUSTIFICATION: The review contains generic praise, truncates mid-sentence, and exhibits perfect grammar with no personal context or specific details, strongly indicating it is computer generated.",9433
23911,Kindle_Store_5,OR,CG,"SIGNALS: Generic praise interchangeable with any product in category, No personal context, scenario, or opinion whatsoever JUSTIFICATION: The review uses generic, interchangeable praise and lacks personal context or specific details, aligning with CG signals.","CG
SIGNALS: Generic praise interchangeable with any product in category, No personal context, scenario, or opinion whatsoever
JUSTIFICATION: The review uses generic, interchangeable praise and lacks personal context or specific details, aligning with CG signals.",13349
14628,Movies_and_TV_5,CG,CG,"Perfect grammar with zero typos, reads like marketing copy, Generic praise interchangeable with any product in category, Uniform sentence length and structure throughout, Vague superlatives only (""great movie"", ""very good""), No concrete use case or personal detail, Recurring filler phrases that appear templated across many reviews (e.g. ""I think this is a great movie"")","CG
Perfect grammar with zero typos, reads like marketing copy, Generic praise interchangeable with any product in category, Uniform sentence length and structure throughout, Vague superlatives only (""great movie"", ""very good""), No concrete use case or personal detail, Recurring filler phrases that appear templated across many reviews (e.g. ""I think this is a great movie"")",10068
4337,Sports_and_Outdoors_5,OR,OR,"Typos, informal spelling, or grammatical imperfections consistent with casual human writing; Genuine enthusiasm with author-specific or product-specific references (e.g. naming the author, a specific character, a particular use case unique to this product)","OR
Typos, informal spelling, or grammatical imperfections consistent with casual human writing; Genuine enthusiasm with author-specific or product-specific references (e.g. naming the author, a specific character, a particular use case unique to this product)",5299
38603,Clothing_Shoes_and_Jewelry_5,CG,CG,"SIGNALS: Text contains internal contradictions, Generic praise interchangeable with any product in category JUSTIFICATION: The review contradicts itself by stating the size is ""perfect"" yet claims the user ""had to get a size down,"" while using generic praise typical of fake reviews.","CG
SIGNALS: Text contains internal contradictions, Generic praise interchangeable with any product in category
JUSTIFICATION: The review contradicts itself by stating the size is ""perfect"" yet claims the user ""had to get a size down,"" while using generic praise typical of fake reviews.",13535
6066,Sports_and_Outdoors_5,CG,UNPARSEABLE,"SIGNALS: Genuine enthusiasm with author-specific or product-specific references, Typos, informal spelling, or grammatical imperfections consistent with casual human writing JUSTIFICATION: The review includes personal context (""my first set of shorts"") and casual phrasing, aligning with genuine human writing.","LABEL: OR  
SIGNALS: Genuine enthusiasm with author-specific or product-specific references, Typos, informal spelling, or grammatical imperfections consistent with casual human writing  
JUSTIFICATION: The review includes personal context (""my first set of shorts"") and casual phrasing, aligning with genuine human writing.",25351
36501,Toys_and_Games_5,OR,OR,"Typos (""ton prevent""), personal context (grandson, family dynamics), specific product critiques (spinner weakness, storage method), and detailed use cases indicate genuine human experience.","OR
Typos (""ton prevent""), personal context (grandson, family dynamics), specific product critiques (spinner weakness, storage method), and detailed use cases indicate genuine human experience.",11418
18224,Tools_and_Home_Improvement_5,CG,UNPARSEABLE,"SIGNALS: Text truncates mid-sentence with no closing thought, suggesting a token generation limit JUSTIFICATION: The review abruptly cuts off mid-sentence (""I have 2 of these in the shop and I can't"") without resolution, a strong indicator of generated text.","LABEL: CG  
SIGNALS: Text truncates mid-sentence with no closing thought, suggesting a token generation limit  
JUSTIFICATION: The review abruptly cuts off mid-sentence (""I have 2 of these in the shop and I can't"") without resolution, a strong indicator of generated text.",18435
18018,Tools_and_Home_Improvement_5,CG,UNPARSEABLE,"SIGNALS: Typos, informal spelling, or grammatical imperfections consistent with casual human writing JUSTIFICATION: The review contains a typo (""works great.Nice"") and informal phrasing, which aligns with casual human writing rather than generated text.","LABEL: OR  
SIGNALS: Typos, informal spelling, or grammatical imperfections consistent with casual human writing  
JUSTIFICATION: The review contains a typo (""works great.Nice"") and informal phrasing, which aligns with casual human writing rather than generated text.",21173
1725,Home_and_Kitchen_5,CG,CG,"SIGNALS: Recurring filler phrases that appear templated across many reviews (e.g. ""I bought this for a friend"" as a standalone sentence adding no detail), Suspiciously short (under 10 words) or long (multi-paragraph for simple product), No personal context, scenario, or opinion whatsoever JUSTIFICATION: The review contains a templated filler phrase (""I bought this for a friend""), lacks personal context, and is unusually brief with minimal substantive content.","CG
SIGNALS: Recurring filler phrases that appear templated across many reviews (e.g. ""I bought this for a friend"" as a standalone sentence adding no detail), Suspiciously short (under 10 words) or long (multi-paragraph for simple product), No personal context, scenario, or opinion whatsoever
JUSTIFICATION: The review contains a templated filler phrase (""I bought this for a friend""), lacks personal context, and is unusually brief with minimal substantive content.",12682
13837,Movies_and_TV_5,OR,OR,"SIGNALS: Typos, informal spelling, or grammatical imperfections consistent with casual human writing, Genuine enthusiasm with author-specific or product-specific references JUSTIFICATION: The review contains casual language (""not that bad,"" ""mildly entertained"") and a typo (""Its"" instead of ""It's""), which align with genuine human writing patterns.","OR
SIGNALS: Typos, informal spelling, or grammatical imperfections consistent with casual human writing, Genuine enthusiasm with author-specific or product-specific references
JUSTIFICATION: The review contains casual language (""not that bad,"" ""mildly entertained"") and a typo (""Its"" instead of ""It's""), which align with genuine human writing patterns.",14489
39561,Clothing_Shoes_and_Jewelry_5,CG,CG,"SIGNALS: Text truncates mid-sentence with no closing thought, Generic praise interchangeable with any product in category, Text contains internal contradictions JUSTIFICATION: The review abruptly cuts off mid-sentence (""since"") and contains contradictory statements about returning the product while praising its comfort, suggesting inauthenticity.","CG
SIGNALS: Text truncates mid-sentence with no closing thought, Generic praise interchangeable with any product in category, Text contains internal contradictions
JUSTIFICATION: The review abruptly cuts off mid-sentence (""since"") and contains contradictory statements about returning the product while praising its comfort, suggesting inauthenticity.",9965
6689,Sports_and_Outdoors_5,CG,OR,"Typos and informal phrasing (""the rubber"" repeated), specific problem description, and personal context align with genuine human writing.","OR
Typos and informal phrasing (""the rubber"" repeated), specific problem description, and personal context align with genuine human writing.",9113
15246,Movies_and_TV_5,CG,CG,"Perfect grammar with zero typos, reads like marketing copy; generic praise interchangeable with any product in category; recurring filler phrases that appear templated; uniformly structured sentences with vague superlatives.","CG  
Perfect grammar with zero typos, reads like marketing copy; generic praise interchangeable with any product in category; recurring filler phrases that appear templated; uniformly structured sentences with vague superlatives.",14967
17701,Tools_and_Home_Improvement_5,OR,OR,"Typos and informal language (""Hung them this morning""), specific use case details (motion detection setup, light behavior), and personal opinion (""If they last I'll be thrilled"") align with genuine human writing patterns.","OR
Typos and informal language (""Hung them this morning""), specific use case details (motion detection setup, light behavior), and personal opinion (""If they last I'll be thrilled"") align with genuine human writing patterns.",16392
24300,Kindle_Store_5,OR,CG,"SIGNALS: Generic praise interchangeable with any product in category, No personal context, scenario, or opinion whatsoever JUSTIFICATION: The review uses generic, interchangeable praise and lacks personal context or specific details, aligning with computer-generated review patterns.","CG
SIGNALS: Generic praise interchangeable with any product in category, No personal context, scenario, or opinion whatsoever
JUSTIFICATION: The review uses generic, interchangeable praise and lacks personal context or specific details, aligning with computer-generated review patterns.",17524
35735,Toys_and_Games_5,CG,CG,"SIGNALS: Generic praise interchangeable with any product in category, Vague superlatives only, No concrete use case or personal detail, Recurring filler phrases that appear templated across many reviews JUSTIFICATION: The review uses generic praise (""very educational,"" ""fun to play""), vague superlatives, lacks specific use cases, and contains repetitive filler phrases typical of computer-generated text.","CG
SIGNALS: Generic praise interchangeable with any product in category, Vague superlatives only, No concrete use case or personal detail, Recurring filler phrases that appear templated across many reviews
JUSTIFICATION: The review uses generic praise (""very educational,"" ""fun to play""), vague superlatives, lacks specific use cases, and contains repetitive filler phrases typical of computer-generated text.",15936
9155,Electronics_5,OR,OR,"Typos, informal spelling, or grammatical imperfections consistent with casual human writing; Genuine enthusiasm with author-specific or product-specific references (e.g. naming the author, a specific character, a particular use case unique to this product)","OR
Typos, informal spelling, or grammatical imperfections consistent with casual human writing; Genuine enthusiasm with author-specific or product-specific references (e.g. naming the author, a specific character, a particular use case unique to this product)",12289
18206,Tools_and_Home_Improvement_5,CG,UNPARSEABLE,"SIGNALS: Text truncates mid-sentence with no closing thought, suggesting a token generation limit; Generic praise interchangeable with any product in category JUSTIFICATION: The review ends abruptly mid-sentence (""I have a few of them in the"") and uses vague, repetitive praise (""very nice,"" ""very good for the money""), aligning with CG signals.","LABEL: CG  
SIGNALS: Text truncates mid-sentence with no closing thought, suggesting a token generation limit; Generic praise interchangeable with any product in category  
JUSTIFICATION: The review ends abruptly mid-sentence (""I have a few of them in the"") and uses vague, repetitive praise (""very nice,"" ""very good for the money""), aligning with CG signals.",24080
21269,Pet_Supplies_5,OR,OR,"Typos, informal spelling, or grammatical imperfections consistent with casual human writing; Genuine enthusiasm with author-specific or product-specific references (e.g. naming the author, a specific character, a particular use case unique to this product)","OR
Typos, informal spelling, or grammatical imperfections consistent with casual human writing; Genuine enthusiasm with author-specific or product-specific references (e.g. naming the author, a specific character, a particular use case unique to this product)",6136
18965,Tools_and_Home_Improvement_5,OR,OR,"Typos, informal spelling, and genuine enthusiasm with author-specific references (e.g., living in AK, specific use cases) indicate a genuine review.","OR
Typos, informal spelling, and genuine enthusiasm with author-specific references (e.g., living in AK, specific use cases) indicate a genuine review.",6790
6628,Sports_and_Outdoors_5,OR,OR,"Typos, informal spelling, or grammatical imperfections consistent with casual human writing; Genuine enthusiasm with author-specific or product-specific references (e.g. naming specific head circumference measurements relevant to the product's sizing issue)","OR
Typos, informal spelling, or grammatical imperfections consistent with casual human writing; Genuine enthusiasm with author-specific or product-specific references (e.g. naming specific head circumference measurements relevant to the product's sizing issue)",15204
9369,Electronics_5,OR,OR,"SIGNALS: Genuine enthusiasm with author-specific or product-specific references, Typos, informal spelling, or grammatical imperfections consistent with casual human writing JUSTIFICATION: The review includes specific technical details about usage (ESXI box, VMs, pfsense) and a time frame (""3 months of use""), indicating genuine personal experience despite minor grammatical imperfections.","OR
SIGNALS: Genuine enthusiasm with author-specific or product-specific references, Typos, informal spelling, or grammatical imperfections consistent with casual human writing
JUSTIFICATION: The review includes specific technical details about usage (ESXI box, VMs, pfsense) and a time frame (""3 months of use""), indicating genuine personal experience despite minor grammatical imperfections.",15359
35006,Toys_and_Games_5,OR,OR,"SIGNALS: Genuine enthusiasm with author-specific or product-specific references, Typos, informal spelling, or grammatical imperfections consistent with casual human writing JUSTIFICATION: The review includes personal context about prior purchases and specific product performance, with casual language and an emoji, indicating a genuine human experience.","OR
SIGNALS: Genuine enthusiasm with author-specific or product-specific references, Typos, informal spelling, or grammatical imperfections consistent with casual human writing
JUSTIFICATION: The review includes personal context about prior purchases and specific product performance, with casual language and an emoji, indicating a genuine human experience.",10945
18217,Tools_and_Home_Improvement_5,OR,UNPARSEABLE,"SIGNALS: Typos, informal spelling, or grammatical imperfections consistent with casual human writing, Genuine enthusiasm with author-specific or product-specific references JUSTIFICATION: The review contains a typo (""pusing"" instead of ""pushing"") and provides specific, personal advice about using multiple tools together, indicating genuine experience.","LABEL: OR  
SIGNALS: Typos, informal spelling, or grammatical imperfections consistent with casual human writing, Genuine enthusiasm with author-specific or product-specific references  
JUSTIFICATION: The review contains a typo (""pusing"" instead of ""pushing"") and provides specific, personal advice about using multiple tools together, indicating genuine experience.",11853
14445,Movies_and_TV_5,CG,CG,"SIGNALS: Text truncates mid-sentence with no closing thought, suggesting a token generation limit, Generic praise interchangeable with any product in category, Oddly formal or stilted tone, Recurring filler phrases that appear templated across many reviews, Same sentence or phrase repeated verbatim within the review JUSTIFICATION: The review contains truncated sentences, generic praise, repetitive phrasing, and an odd formal tone consistent with computer-generated text.","CG
SIGNALS: Text truncates mid-sentence with no closing thought, suggesting a token generation limit, Generic praise interchangeable with any product in category, Oddly formal or stilted tone, Recurring filler phrases that appear templated across many reviews, Same sentence or phrase repeated verbatim within the review
JUSTIFICATION: The review contains truncated sentences, generic praise, repetitive phrasing, and an odd formal tone consistent with computer-generated text.",13813
38687,Clothing_Shoes_and_Jewelry_5,CG,CG,"SIGNALS: Sentences that are semantically nonsensical or logically impossible (e.g. ""I am a 32D, and these boots are very comfortable"") JUSTIFICATION: The review contains a logically impossible statement about bra size in the context of boots, which is a strong indicator of a computer-generated fake review.","CG
SIGNALS: Sentences that are semantically nonsensical or logically impossible (e.g. ""I am a 32D, and these boots are very comfortable"")
JUSTIFICATION: The review contains a logically impossible statement about bra size in the context of boots, which is a strong indicator of a computer-generated fake review.",7081
1930,Home_and_Kitchen_5,CG,CG,"SIGNALS: Text truncates mid-sentence with no closing thought, Generic praise interchangeable with any product in category JUSTIFICATION: The review abruptly cuts off mid-sentence (""the handle is"") and uses generic, vague descriptors (""thick and sturdy,"" ""nice, solid piece of wood"") without specific personal context or unique details, aligning with CG signals.","CG  
SIGNALS: Text truncates mid-sentence with no closing thought, Generic praise interchangeable with any product in category  
JUSTIFICATION: The review abruptly cuts off mid-sentence (""the handle is"") and uses generic, vague descriptors (""thick and sturdy,"" ""nice, solid piece of wood"") without specific personal context or unique details, aligning with CG signals.",12598
6330,Sports_and_Outdoors_5,CG,CG,"SIGNALS: Generic praise interchangeable with any product in category, Text truncates mid-sentence with no closing thought, Vague superlatives only, Recurring filler phrases that appear templated JUSTIFICATION: The review contains generic praise (""so small and cute""), vague superlatives (""perfect gift""), and truncates mid-sentence, while using repetitive phrasing (""gift for him too"") typical of generated text.","CG
SIGNALS: Generic praise interchangeable with any product in category, Text truncates mid-sentence with no closing thought, Vague superlatives only, Recurring filler phrases that appear templated
JUSTIFICATION: The review contains generic praise (""so small and cute""), vague superlatives (""perfect gift""), and truncates mid-sentence, while using repetitive phrasing (""gift for him too"") typical of generated text.",9868
37859,Clothing_Shoes_and_Jewelry_5,OR,OR,"Typos, informal spelling, or grammatical imperfections consistent with casual human writing; Genuine enthusiasm with author-specific or product-specific references (e.g. naming the author, a specific character, a particular use case unique to this product)","OR
Typos, informal spelling, or grammatical imperfections consistent with casual human writing; Genuine enthusiasm with author-specific or product-specific references (e.g. naming the author, a specific character, a particular use case unique to this product)",9381
19213,Tools_and_Home_Improvement_5,OR,UNPARSEABLE,"SIGNALS: Genuine enthusiasm with author-specific or product-specific references, Typos, informal spelling, or grammatical imperfections consistent with casual human writing JUSTIFICATION: The review includes specific personal context (e.g., ""I'm a mechanic and general tinkerer""), detailed use cases, and informal language with typos, aligning with genuine human writing.","LABEL: OR  
SIGNALS: Genuine enthusiasm with author-specific or product-specific references, Typos, informal spelling, or grammatical imperfections consistent with casual human writing  
JUSTIFICATION: The review includes specific personal context (e.g., ""I'm a mechanic and general tinkerer""), detailed use cases, and informal language with typos, aligning with genuine human writing.",14383
3665,Home_and_Kitchen_5,OR,UNPARSEABLE,"SIGNALS: Genuine enthusiasm with author-specific or product-specific references, Typos, informal spelling, or grammatical imperfections consistent with casual human writing JUSTIFICATION: The review includes specific personal context (e.g., comparing to a previous mattress, replacing their king mattress), detailed use cases, and casual language with minor typos, aligning with genuine human writing.","LABEL: OR  
SIGNALS: Genuine enthusiasm with author-specific or product-specific references, Typos, informal spelling, or grammatical imperfections consistent with casual human writing  
JUSTIFICATION: The review includes specific personal context (e.g., comparing to a previous mattress, replacing their king mattress), detailed use cases, and casual language with minor typos, aligning with genuine human writing.",35698
22536,Pet_Supplies_5,CG,UNPARSEABLE,"SIGNALS: Text contains internal contradictions, Oddly formal or stilted tone, No concrete use case or personal detail JUSTIFICATION: The review contradicts itself by praising the product while stating ""it's a real shame"" and gives confusing, contradictory sizing advice, which aligns with CG signals.","LABEL: CG  
SIGNALS: Text contains internal contradictions, Oddly formal or stilted tone, No concrete use case or personal detail  
JUSTIFICATION: The review contradicts itself by praising the product while stating ""it's a real shame"" and gives confusing, contradictory sizing advice, which aligns with CG signals.",22872
2112,Home_and_Kitchen_5,OR,OR,"SIGNALS: Genuine enthusiasm with author-specific or product-specific references, Typos, informal spelling, or grammatical imperfections consistent with casual human writing JUSTIFICATION: The review includes specific personal context (""my situation"") and informal phrasing (""It's alright""), aligning with genuine human writing patterns.","OR
SIGNALS: Genuine enthusiasm with author-specific or product-specific references, Typos, informal spelling, or grammatical imperfections consistent with casual human writing
JUSTIFICATION: The review includes specific personal context (""my situation"") and informal phrasing (""It's alright""), aligning with genuine human writing patterns.",26759
26293,Kindle_Store_5,OR,UNPARSEABLE,"SIGNALS: Typos, informal spelling, or grammatical imperfections consistent with casual human writing; Genuine enthusiasm with author-specific or product-specific references JUSTIFICATION: The review contains casual typos (""The. Body language"") and informal phrasing, along with personal references to characters (""Cerritos,"" ""Cruz"") and specific emotional engagement, aligning with genuine human writing.","LABEL: OR  
SIGNALS: Typos, informal spelling, or grammatical imperfections consistent with casual human writing; Genuine enthusiasm with author-specific or product-specific references  
JUSTIFICATION: The review contains casual typos (""The. Body language"") and informal phrasing, along with personal references to characters (""Cerritos,"" ""Cruz"") and specific emotional engagement, aligning with genuine human writing.",26475
20687,Pet_Supplies_5,OR,OR,"Typos (""NOT"" in all caps) and specific personal experience (""I had 2 fail at the same time"") align with genuine human writing patterns.","OR
Typos (""NOT"" in all caps) and specific personal experience (""I had 2 fail at the same time"") align with genuine human writing patterns.",19214
10709,Electronics_5,OR,UNPARSEABLE,"SIGNALS: Genuine enthusiasm with author-specific or product-specific references, Typos, informal spelling, or grammatical imperfections consistent with casual human writing JUSTIFICATION: The review includes specific, personal use cases (e.g., ""take regular pictures of the Sun"") and product details (e.g., ""Rebel EOS T3i""), aligning with genuine human experience despite minor grammatical quirks.","LABEL: OR  
SIGNALS: Genuine enthusiasm with author-specific or product-specific references, Typos, informal spelling, or grammatical imperfections consistent with casual human writing  
JUSTIFICATION: The review includes specific, personal use cases (e.g., ""take regular pictures of the Sun"") and product details (e.g., ""Rebel EOS T3i""), aligning with genuine human experience despite minor grammatical quirks.",29863
11215,Electronics_5,OR,OR,"Typos, informal spelling, and product-specific references (HP 6540 printer, WPA setup) align with genuine human writing, while the detailed setup process and personal hesitation indicate authentic experience.","OR
Typos, informal spelling, and product-specific references (HP 6540 printer, WPA setup) align with genuine human writing, while the detailed setup process and personal hesitation indicate authentic experience.",14557
33101,Toys_and_Games_5,CG,CG,"SIGNALS: Text truncates mid-sentence with no closing thought, suggesting a token generation limit, Generic praise interchangeable with any product in category, Oddly formal or stilted tone JUSTIFICATION: The review truncates mid-sentence with no closure, uses generic praise, and has an odd tone despite mentioning disappointment, all strong CG signals.","CG
SIGNALS: Text truncates mid-sentence with no closing thought, suggesting a token generation limit, Generic praise interchangeable with any product in category, Oddly formal or stilted tone
JUSTIFICATION: The review truncates mid-sentence with no closure, uses generic praise, and has an odd tone despite mentioning disappointment, all strong CG signals.",21882
13935,Movies_and_TV_5,OR,UNPARSEABLE,"SIGNALS: Genuine enthusiasm with author-specific or product-specific references, Typos, informal spelling, or grammatical imperfections consistent with casual human writing JUSTIFICATION: The review includes personal context (""I own this DVD myself and bought it for my daughter and my grandchildren"") and specific praise tied to the product's legacy, aligning with genuine human writing patterns.","LABEL: OR  
SIGNALS: Genuine enthusiasm with author-specific or product-specific references, Typos, informal spelling, or grammatical imperfections consistent with casual human writing  
JUSTIFICATION: The review includes personal context (""I own this DVD myself and bought it for my daughter and my grandchildren"") and specific praise tied to the product's legacy, aligning with genuine human writing patterns.",16063
14935,Movies_and_TV_5,OR,OR,"Typos, informal spelling, and genuine personal context (parental perspective, specific TV show references) align with OR signals.","OR
Typos, informal spelling, and genuine personal context (parental perspective, specific TV show references) align with OR signals.",9312
37186,Clothing_Shoes_and_Jewelry_5,OR,OR,"SIGNALS: Typos, informal spelling, genuine enthusiasm with author-specific reference (mentioning shipping issue and solution) JUSTIFICATION: The review contains casual language (""cuz""), a specific personal experience with shipping wrinkles, and a practical solution (steam), aligning with genuine human writing patterns.","OR
SIGNALS: Typos, informal spelling, genuine enthusiasm with author-specific reference (mentioning shipping issue and solution)
JUSTIFICATION: The review contains casual language (""cuz""), a specific personal experience with shipping wrinkles, and a practical solution (steam), aligning with genuine human writing patterns.",16846
7295,Sports_and_Outdoors_5,CG,CG,"Repetition of identical cons, structured listing of pros/cons with uniform phrasing, vague superlatives (""not the best""), and internal contradictions (praising stakes as ""great"" while criticizing them extensively).","CG
Repetition of identical cons, structured listing of pros/cons with uniform phrasing, vague superlatives (""not the best""), and internal contradictions (praising stakes as ""great"" while criticizing them extensively).",9335
27694,Kindle_Store_5,CG,CG,"Signals: Incentivised disclosure present (""received for honest review""), Generic praise interchangeable with any product in category, Text truncates mid-sentence with no closing thought, Same sentence or phrase repeated verbatim within the review JUSTIFICATION: The review contains incentivized disclosure, generic praise, repetition of phrases, and truncated text, all strong indicators of being computer generated.","CG
Signals: Incentivised disclosure present (""received for honest review""), Generic praise interchangeable with any product in category, Text truncates mid-sentence with no closing thought, Same sentence or phrase repeated verbatim within the review
JUSTIFICATION: The review contains incentivized disclosure, generic praise, repetition of phrases, and truncated text, all strong indicators of being computer generated.",10371
27647,Kindle_Store_5,CG,CG,"Perfect grammar with zero typos, reads like marketing copy; Generic praise interchangeable with any product in category; Incentivised disclosure present (""given this book in exchange for an honest review""); Uniform sentence length and structure throughout; Vague superlatives only (""very good story,"" ""sweet short story""); No concrete use case or personal detail.","CG
Perfect grammar with zero typos, reads like marketing copy; Generic praise interchangeable with any product in category; Incentivised disclosure present (""given this book in exchange for an honest review""); Uniform sentence length and structure throughout; Vague superlatives only (""very good story,"" ""sweet short story""); No concrete use case or personal detail.",11980
3007,Home_and_Kitchen_5,OR,UNPARSEABLE,"SIGNALS: Genuine enthusiasm with author-specific or product-specific references, Typos, informal spelling, or grammatical imperfections consistent with casual human writing JUSTIFICATION: The review includes specific, personal context (refrigerator temperature issues, interaction with a repair guy) and casual typos, aligning with genuine human experience.","LABEL: OR  
SIGNALS: Genuine enthusiasm with author-specific or product-specific references, Typos, informal spelling, or grammatical imperfections consistent with casual human writing  
JUSTIFICATION: The review includes specific, personal context (refrigerator temperature issues, interaction with a repair guy) and casual typos, aligning with genuine human experience.",9725
24889,Kindle_Store_5,CG,CG,"SIGNALS: Semantically nonsensical or logically impossible, Typos, informal spelling, or grammatical imperfections, No concrete use case or personal detail, Generic praise interchangeable with any product in category JUSTIFICATION: The review contains nonsensical Spanish text with grammatical errors and no coherent content, indicating it's likely computer-generated.","CG
SIGNALS: Semantically nonsensical or logically impossible, Typos, informal spelling, or grammatical imperfections, No concrete use case or personal detail, Generic praise interchangeable with any product in category
JUSTIFICATION: The review contains nonsensical Spanish text with grammatical errors and no coherent content, indicating it's likely computer-generated.",12248
17498,Tools_and_Home_Improvement_5,OR,OR,"SIGNALS: Typos, informal spelling, genuine enthusiasm with author-specific references (mentioning son and indoor target shooting use case) JUSTIFICATION: The review contains casual grammar (""its"" instead of ""it's""), specific personal context about the son's use case, and genuine enthusiasm that aligns with human writing patterns.","OR
SIGNALS: Typos, informal spelling, genuine enthusiasm with author-specific references (mentioning son and indoor target shooting use case)
JUSTIFICATION: The review contains casual grammar (""its"" instead of ""it's""), specific personal context about the son's use case, and genuine enthusiasm that aligns with human writing patterns.",13260
2838,Home_and_Kitchen_5,CG,CG,"SIGNALS: Same sentence or phrase repeated verbatim within the review, Generic praise interchangeable with any product in category, Oddly formal or stilted tone JUSTIFICATION: The review contains verbatim repetition of the same sentence about plastic parts being flimsy, uses generic praise about tile floors, and has an oddly formal tone with inconsistent claims about not having used parts yet.","CG
SIGNALS: Same sentence or phrase repeated verbatim within the review, Generic praise interchangeable with any product in category, Oddly formal or stilted tone
JUSTIFICATION: The review contains verbatim repetition of the same sentence about plastic parts being flimsy, uses generic praise about tile floors, and has an oddly formal tone with inconsistent claims about not having used parts yet.",9102
22056,Pet_Supplies_5,CG,CG,"SIGNALS: Text truncates mid-sentence with no closing thought, suggesting a token generation limit, Oddly formal or stilted tone, Generic praise interchangeable with any product in category, Suspiciously short (under 10 words) or long (multi-paragraph for simple product) JUSTIFICATION: The review truncates mid-sentence, contains generic praise, and has an odd tone with inconsistent logic about the product's functionality.","CG
SIGNALS: Text truncates mid-sentence with no closing thought, suggesting a token generation limit, Oddly formal or stilted tone, Generic praise interchangeable with any product in category, Suspiciously short (under 10 words) or long (multi-paragraph for simple product)
JUSTIFICATION: The review truncates mid-sentence, contains generic praise, and has an odd tone with inconsistent logic about the product's functionality.",9103
17376,Tools_and_Home_Improvement_5,OR,OR,"Typos, informal spelling, or grammatical imperfections consistent with casual human writing; Genuine enthusiasm with author-specific or product-specific references (e.g. naming the author, a specific character, a particular use case unique to this product)","OR
Typos, informal spelling, or grammatical imperfections consistent with casual human writing; Genuine enthusiasm with author-specific or product-specific references (e.g. naming the author, a specific character, a particular use case unique to this product)",8688
15012,Movies_and_TV_5,OR,OR,"The review contains specific plot details, actor performances, and targeted audience insights (""especially appreciated by anyone who is a writer""), aligning with genuine human writing patterns and personal context.","OR
The review contains specific plot details, actor performances, and targeted audience insights (""especially appreciated by anyone who is a writer""), aligning with genuine human writing patterns and personal context.",11421
1619,Home_and_Kitchen_5,CG,CG,"SIGNALS: Vague superlatives only (""great quality""), Text truncates mid-sentence with no closing thought, Generic praise interchangeable with any product in category JUSTIFICATION: The review contains vague superlatives, truncates mid-sentence, and uses generic praise typical of computer-generated text.","CG
SIGNALS: Vague superlatives only (""great quality""), Text truncates mid-sentence with no closing thought, Generic praise interchangeable with any product in category
JUSTIFICATION: The review contains vague superlatives, truncates mid-sentence, and uses generic praise typical of computer-generated text.",11690
4695,Sports_and_Outdoors_5,OR,UNPARSEABLE,"SIGNALS: Genuine enthusiasm with author-specific or product-specific references JUSTIFICATION: The review mentions specific product features (""camo,"" ""mesh"") and expresses genuine enthusiasm, aligning with OR signals.","LABEL: OR  
SIGNALS: Genuine enthusiasm with author-specific or product-specific references  
JUSTIFICATION: The review mentions specific product features (""camo,"" ""mesh"") and expresses genuine enthusiasm, aligning with OR signals.",17764
10183,Electronics_5,CG,CG,"SIGNALS: Generic praise interchangeable with any product in category, Text truncates mid-sentence with no closing thought, Uniform sentence length and structure throughout JUSTIFICATION: The review contains generic, repetitive praise (""nice, solid construction,"" ""sturdy""), truncates mid-sentence, and uses uniform phrasing, all strong indicators of computer-generated text.","CG
SIGNALS: Generic praise interchangeable with any product in category, Text truncates mid-sentence with no closing thought, Uniform sentence length and structure throughout
JUSTIFICATION: The review contains generic, repetitive praise (""nice, solid construction,"" ""sturdy""), truncates mid-sentence, and uses uniform phrasing, all strong indicators of computer-generated text.",16662
23283,Pet_Supplies_5,OR,OR,"Typos, informal spelling, and genuine personal context (mentioning being a senior person and specific product features) align with original human review characteristics.","OR
Typos, informal spelling, and genuine personal context (mentioning being a senior person and specific product features) align with original human review characteristics.",6967
15257,Movies_and_TV_5,OR,UNPARSEABLE,"SIGNALS: Genuine enthusiasm with author-specific or product-specific references, Typos, informal spelling, or grammatical imperfections consistent with casual human writing JUSTIFICATION: The review includes specific, thoughtful analysis of the film's themes and personal context (e.g., the author's prior opinion of Jim Carrey), aligning with genuine human writing patterns.","LABEL: OR  
SIGNALS: Genuine enthusiasm with author-specific or product-specific references, Typos, informal spelling, or grammatical imperfections consistent with casual human writing  
JUSTIFICATION: The review includes specific, thoughtful analysis of the film's themes and personal context (e.g., the author's prior opinion of Jim Carrey), aligning with genuine human writing patterns.",13981
5130,Sports_and_Outdoors_5,CG,UNPARSEABLE,"SIGNALS: Generic praise interchangeable with any product in category, Suspiciously short (under 10 words) JUSTIFICATION: The review is extremely brief, uses generic praise without specific details, and lacks personal context or concrete use cases typical of genuine reviews.","LABEL: CG  
SIGNALS: Generic praise interchangeable with any product in category, Suspiciously short (under 10 words)  
JUSTIFICATION: The review is extremely brief, uses generic praise without specific details, and lacks personal context or concrete use cases typical of genuine reviews.",16173
36178,Toys_and_Games_5,CG,CG,"SIGNALS: Text contains internal contradictions, Sentences that are semantically nonsensical or logically impossible, Text truncates mid-sentence with no closing thought, Recurring filler phrases that appear templated JUSTIFICATION: The review contains contradictory claims about plastic durability, illogical advice about cracking pieces in a plastic bag, and abrupt truncation of the cons section, all strong indicators of computer-generated text.","CG
SIGNALS: Text contains internal contradictions, Sentences that are semantically nonsensical or logically impossible, Text truncates mid-sentence with no closing thought, Recurring filler phrases that appear templated
JUSTIFICATION: The review contains contradictory claims about plastic durability, illogical advice about cracking pieces in a plastic bag, and abrupt truncation of the cons section, all strong indicators of computer-generated text.",14254
5676,Sports_and_Outdoors_5,CG,CG,"SIGNALS: Suspiciously short (under 10 words) or long (multi-paragraph for simple product), Text truncates mid-sentence with no closing thought, Recurring filler phrases that appear templated across many reviews (e.g. ""I bought this for a friend"" as a standalone sentence adding no detail) JUSTIFICATION: The review is abruptly truncated mid-sentence, contains generic filler phrases, and is suspiciously short with no concrete details about product performance or personal experience.","CG
SIGNALS: Suspiciously short (under 10 words) or long (multi-paragraph for simple product), Text truncates mid-sentence with no closing thought, Recurring filler phrases that appear templated across many reviews (e.g. ""I bought this for a friend"" as a standalone sentence adding no detail)
JUSTIFICATION: The review is abruptly truncated mid-sentence, contains generic filler phrases, and is suspiciously short with no concrete details about product performance or personal experience.",12448
30307,Books_5,OR,UNPARSEABLE,"SIGNALS: Typos, informal spelling, or grammatical imperfections consistent with casual human writing; Genuine enthusiasm with author-specific or product-specific references JUSTIFICATION: The review contains a typo (""anyone. who"") and specific references to the book's content (e.g., ""first hand account of suffering""), aligning with genuine human writing patterns.","LABEL: OR  
SIGNALS: Typos, informal spelling, or grammatical imperfections consistent with casual human writing; Genuine enthusiasm with author-specific or product-specific references  
JUSTIFICATION: The review contains a typo (""anyone. who"") and specific references to the book's content (e.g., ""first hand account of suffering""), aligning with genuine human writing patterns.",19629
32717,Books_5,OR,OR,"Typos, informal spelling, and personal context (book club activity, specific examples of discussion points) align with genuine human writing.","OR
Typos, informal spelling, and personal context (book club activity, specific examples of discussion points) align with genuine human writing.",10779
13008,Movies_and_TV_5,CG,CG,"Perfect grammar with zero typos, reads like marketing copy, Generic praise interchangeable with any product in category, No personal context, scenario, or opinion whatsoever, Suspiciously short (under 10 words) or long (multi-paragraph for simple product)","CG
Perfect grammar with zero typos, reads like marketing copy, Generic praise interchangeable with any product in category, No personal context, scenario, or opinion whatsoever, Suspiciously short (under 10 words) or long (multi-paragraph for simple product)",9692
14397,Movies_and_TV_5,OR,UNPARSEABLE,"SIGNALS: Genuine enthusiasm with author-specific or product-specific references, Typos, informal spelling, or grammatical imperfections consistent with casual human writing JUSTIFICATION: The review includes specific, personal opinions (""one of my favorites"") and contextual details about the show's premiere date, aligning with genuine human writing patterns.","LABEL: OR  
SIGNALS: Genuine enthusiasm with author-specific or product-specific references, Typos, informal spelling, or grammatical imperfections consistent with casual human writing  
JUSTIFICATION: The review includes specific, personal opinions (""one of my favorites"") and contextual details about the show's premiere date, aligning with genuine human writing patterns.",9352
36741,Clothing_Shoes_and_Jewelry_5,CG,CG,"SIGNALS: Generic praise interchangeable with any product in category, No personal context, scenario, or opinion whatsoever, Suspiciously short (under 10 words) JUSTIFICATION: The review uses generic, interchangeable praise (""Great bag,"" ""Exactly as described"") with no personal context or specific details, and is unusually brief for a product review.","CG
SIGNALS: Generic praise interchangeable with any product in category, No personal context, scenario, or opinion whatsoever, Suspiciously short (under 10 words)
JUSTIFICATION: The review uses generic, interchangeable praise (""Great bag,"" ""Exactly as described"") with no personal context or specific details, and is unusually brief for a product review.",17375
14324,Movies_and_TV_5,CG,CG,"SIGNALS: Same sentence or phrase repeated verbatim within the review, Generic praise interchangeable with any product in category, Vague superlatives only, Uniform sentence length and structure throughout, Reads like answering a prompt rather than sharing experience JUSTIFICATION: The review contains exact repeated phrases, generic praise, uniform structure, and lacks personal context, all strong indicators of being computer-generated.","CG
SIGNALS: Same sentence or phrase repeated verbatim within the review, Generic praise interchangeable with any product in category, Vague superlatives only, Uniform sentence length and structure throughout, Reads like answering a prompt rather than sharing experience
JUSTIFICATION: The review contains exact repeated phrases, generic praise, uniform structure, and lacks personal context, all strong indicators of being computer-generated.",9969
6708,Sports_and_Outdoors_5,CG,CG,"SIGNALS: Generic praise interchangeable with any product in category, Recurring filler phrases that appear templated across many reviews, Text truncates mid-sentence with no closing thought, Vague superlatives only, Signals cluster toward CG JUSTIFICATION: The review contains generic praise, repetitive phrasing, truncation mid-sentence, and vague superlatives, all strong indicators of computer-generated text.","CG
SIGNALS: Generic praise interchangeable with any product in category, Recurring filler phrases that appear templated across many reviews, Text truncates mid-sentence with no closing thought, Vague superlatives only, Signals cluster toward CG
JUSTIFICATION: The review contains generic praise, repetitive phrasing, truncation mid-sentence, and vague superlatives, all strong indicators of computer-generated text.",8170
2082,Home_and_Kitchen_5,CG,OR,"SIGNALS: Typos, informal spelling, or grammatical imperfections consistent with casual human writing, Genuine enthusiasm with author-specific or product-specific references JUSTIFICATION: The review includes specific, personal complaints about the product's fragility and a detailed account of replacing it, indicating genuine experience.","OR
SIGNALS: Typos, informal spelling, or grammatical imperfections consistent with casual human writing, Genuine enthusiasm with author-specific or product-specific references
JUSTIFICATION: The review includes specific, personal complaints about the product's fragility and a detailed account of replacing it, indicating genuine experience.",8295
29736,Books_5,OR,OR,"Typos, informal spelling, or grammatical imperfections consistent with casual human writing; Genuine enthusiasm with author-specific or product-specific references (e.g. naming the author, a specific character, a particular use case unique to this product)","OR
Typos, informal spelling, or grammatical imperfections consistent with casual human writing; Genuine enthusiasm with author-specific or product-specific references (e.g. naming the author, a specific character, a particular use case unique to this product)",11730
10660,Electronics_5,OR,UNPARSEABLE,"SIGNALS: Genuine enthusiasm with author-specific or product-specific references, Typos, informal spelling, or grammatical imperfections consistent with casual human writing JUSTIFICATION: The review includes specific use cases (e.g., ""DVD player to my 5.1 receiver"") and personal opinions about value compared to more expensive cables, aligning with genuine human experience.","LABEL: OR  
SIGNALS: Genuine enthusiasm with author-specific or product-specific references, Typos, informal spelling, or grammatical imperfections consistent with casual human writing  
JUSTIFICATION: The review includes specific use cases (e.g., ""DVD player to my 5.1 receiver"") and personal opinions about value compared to more expensive cables, aligning with genuine human experience.",18024
39446,Clothing_Shoes_and_Jewelry_5,CG,UNPARSEABLE,"SIGNALS: Text contains internal contradictions (e.g. ""very small"" bag with ""very large"" zipper), Vague superlatives only (""fits perfect""), No concrete use case or personal detail, Oddly formal or stilted tone JUSTIFICATION: The review contains contradictory descriptions (""very small"" bag with ""very large"" zipper) and vague, generic praise, while also lacking coherent personal context or specific use cases.","LABEL: CG  
SIGNALS: Text contains internal contradictions (e.g. ""very small"" bag with ""very large"" zipper), Vague superlatives only (""fits perfect""), No concrete use case or personal detail, Oddly formal or stilted tone  
JUSTIFICATION: The review contains contradictory descriptions (""very small"" bag with ""very large"" zipper) and vague, generic praise, while also lacking coherent personal context or specific use cases.",15841
10459,Electronics_5,CG,CG,"Perfect grammar with zero typos, reads like marketing copy, Generic praise interchangeable with any product in category, Uniform sentence length and structure throughout, Same sentence or phrase repeated verbatim within the review","CG
Perfect grammar with zero typos, reads like marketing copy, Generic praise interchangeable with any product in category, Uniform sentence length and structure throughout, Same sentence or phrase repeated verbatim within the review",7699
8170,Electronics_5,CG,CG,"SIGNALS: Semantically nonsensical or logically impossible (""it's been powered""), suspiciously short, no concrete use case or personal detail JUSTIFICATION: The review contains nonsensical phrasing (""it's been powered"") and lacks specific details, aligning with CG signals.","CG
SIGNALS: Semantically nonsensical or logically impossible (""it's been powered""), suspiciously short, no concrete use case or personal detail
JUSTIFICATION: The review contains nonsensical phrasing (""it's been powered"") and lacks specific details, aligning with CG signals.",16155
23710,Kindle_Store_5,OR,CG,"Perfect grammar with zero typos, reads like marketing copy, Generic praise interchangeable with any product in category, Uniform sentence length and structure throughout, Suspiciously short (under 10 words)","CG
Perfect grammar with zero typos, reads like marketing copy, Generic praise interchangeable with any product in category, Uniform sentence length and structure throughout, Suspiciously short (under 10 words)",20919
25932,Kindle_Store_5,OR,OR,"SIGNALS: Genuine enthusiasm with author-specific or product-specific references, Typos, informal spelling, or grammatical imperfections consistent with casual human writing JUSTIFICATION: The review includes personal context (""preview it and ended up buying it"") and specific references to meat recipes, aligning with genuine human experience signals.","OR
SIGNALS: Genuine enthusiasm with author-specific or product-specific references, Typos, informal spelling, or grammatical imperfections consistent with casual human writing
JUSTIFICATION: The review includes personal context (""preview it and ended up buying it"") and specific references to meat recipes, aligning with genuine human experience signals.",26559
4567,Sports_and_Outdoors_5,OR,OR,"Typos and specific personal context (""mine and my wife's MTB's"") with a concrete use case indicate a genuine human review.","OR
Typos and specific personal context (""mine and my wife's MTB's"") with a concrete use case indicate a genuine human review.",19390
16065,Tools_and_Home_Improvement_5,OR,CG,"SIGNALS: Suspiciously short (under 10 words), Generic praise interchangeable with any product in category, No personal context, scenario, or opinion whatsoever JUSTIFICATION: The review is overly brief, lacks personal context, and uses generic language typical of computer-generated text.","CG
SIGNALS: Suspiciously short (under 10 words), Generic praise interchangeable with any product in category, No personal context, scenario, or opinion whatsoever
JUSTIFICATION: The review is overly brief, lacks personal context, and uses generic language typical of computer-generated text.",27174
16193,Tools_and_Home_Improvement_5,OR,OR,"SIGNALS: Genuine enthusiasm with author-specific or product-specific references (e.g. naming the author, a specific character, a particular use case unique to this product) JUSTIFICATION: The review mentions a specific use case (""Furniture stays in place on tiled floors"") which aligns with the OR signal of genuine enthusiasm with product-specific references.","OR
SIGNALS: Genuine enthusiasm with author-specific or product-specific references (e.g. naming the author, a specific character, a particular use case unique to this product)
JUSTIFICATION: The review mentions a specific use case (""Furniture stays in place on tiled floors"") which aligns with the OR signal of genuine enthusiasm with product-specific references.",16965
14105,Movies_and_TV_5,CG,UNPARSEABLE,"SIGNALS: No personal context, scenario, or opinion whatsoever, Generic praise interchangeable with any product in category, Keyword-stuffed phrasing no human would naturally write JUSTIFICATION: The review lacks personal context and uses generic, formulaic language (""lots of insight,"" ""dramatic moments"") without specific examples or unique perspectives, aligning with CG signals.","LABEL: CG  
SIGNALS: No personal context, scenario, or opinion whatsoever, Generic praise interchangeable with any product in category, Keyword-stuffed phrasing no human would naturally write  
JUSTIFICATION: The review lacks personal context and uses generic, formulaic language (""lots of insight,"" ""dramatic moments"") without specific examples or unique perspectives, aligning with CG signals.",36931
13739,Movies_and_TV_5,OR,OR,"Typos, informal spelling (LOVELY, GREAT), and genuine personal context (""My kids, now grown, still do!"") align with OR signals.","OR
Typos, informal spelling (LOVELY, GREAT), and genuine personal context (""My kids, now grown, still do!"") align with OR signals.",14610
39922,Clothing_Shoes_and_Jewelry_5,OR,UNPARSEABLE,"SIGNALS: Typos, informal spelling, genuine enthusiasm with author-specific references JUSTIFICATION: The review contains typos (""Xmsa,"" ""teh,"" ""realction"") and informal language, along with specific, personal context about the product's design and use case, aligning with genuine human writing.","LABEL: OR  
SIGNALS: Typos, informal spelling, genuine enthusiasm with author-specific references  
JUSTIFICATION: The review contains typos (""Xmsa,"" ""teh,"" ""realction"") and informal language, along with specific, personal context about the product's design and use case, aligning with genuine human writing.",23164
30081,Books_5,OR,CG,"SIGNALS: Vague superlatives only, Oddly formal or stilted tone, Recurring filler phrases that appear templated, Same sentence or phrase repeated verbatim within the review JUSTIFICATION: The review uses excessive, vague superlatives (""mind bogglingly superb,"" ""magnificent insanity"") and contains repetitive phrasing (""long, long, long, long time"") with an overly formal tone, all hallmarks of computer-generated text.","CG
SIGNALS: Vague superlatives only, Oddly formal or stilted tone, Recurring filler phrases that appear templated, Same sentence or phrase repeated verbatim within the review
JUSTIFICATION: The review uses excessive, vague superlatives (""mind bogglingly superb,"" ""magnificent insanity"") and contains repetitive phrasing (""long, long, long, long time"") with an overly formal tone, all hallmarks of computer-generated text.",11437
